"LG","GenPos","CM","Chrom","LG.map"
"1","25476-1",25476,0,"1a","1"
"2","420640-1",420640,1.602,"1a","1"
"3","678023-1",678023,4.242,"1a","1"
"4","809610-1",809610,5.187,"1a","1"
"5","1074498-1",1074498,7.82,"1a","1"
"6","1197094-1",1197094,11.172,"1a","1"
"7","1450599-1",1450599,13.317,"1a","1"
"8","1603751-1",1603751,17.954,"1a","1"
"9","1654424-1",1654424,18.263,"1a","1"
"10","1801610-1",1801610,18.888,"1a","1"
"11","2287972-1",2287972,23.864,"1a","1"
"12","2173367-1",2173367,24.488,"1a","1"
"13","2446466-1",2446466,25.766,"1a","1"
"14","2714114-1",2714114,30.247,"1a","1"
"15","2746777-1",2746777,31.192,"1a","1"
"16","2766897-1",2766897,32.463,"1a","1"
"17","3172702-1",3172702,34.066,"1a","1"
"18","3233738-1",3233738,34.69,"1a","1"
"19","3337469-1",3337469,35.961,"1a","1"
"20","3620833-1",3620833,38.972,"1a","1"
"21","3676870-1",3676870,43.492,"1a","1"
"22","4205429-1",4205429,46.153,"1a","1"
"23","4454250-1",4454250,47.755,"1a","1"
"24","7044030-1",7044030,59.775,"1a","1"
"25","67512672-1",67512672,61.721,"1a","1"
"26","69227784-1",69227784,64.71,"1a","1"
"27","69430752-1",69430752,65.655,"1a","1"
"28","83491840-1",83491840,0,"1b","1"
"29","83444784-1",83444784,0.625,"1b","1"
"30","83852784-1",83852784,1.249,"1b","1"
"31","83886296-1",83886296,1.874,"1b","1"
"32","84030632-1",84030632,2.499,"1b","1"
"33","84453240-1",84453240,2.809,"1b","1"
"34","84791600-1",84791600,3.119,"1b","1"
"35","85091408-1",85091408,4.721,"1b","1"
"36","85115608-1",85115608,5.346,"1b","1"
"37","85349656-1",85349656,5.97,"1b","1"
"38","85528584-1",85528584,7.91,"1b","1"
"39","85589200-1",85589200,8.535,"1b","1"
"40","85880176-1",85880176,8.845,"1b","1"
"41","86094056-1",86094056,9.469,"1b","1"
"42","86171344-1",86171344,10.094,"1b","1"
"43","86467672-1",86467672,10.404,"1b","1"
"44","86636792-1",86636792,12.006,"1b","1"
"45","86652296-1",86652296,12.951,"1b","1"
"46","86750072-1",86750072,14.554,"1b","1"
"47","86770448-1",86770448,14.864,"1b","1"
"48","86867568-1",86867568,15.488,"1b","1"
"49","86946640-1",86946640,15.798,"1b","1"
"50","87007552-1",87007552,16.423,"1b","1"
"51","87316104-1",87316104,17.694,"1b","1"
"52","87424624-1",87424624,18.319,"1b","1"
"53","87466808-1",87466808,18.628,"1b","1"
"54","87515296-1",87515296,18.938,"1b","1"
"55","87626952-1",87626952,19.248,"1b","1"
"56","87876712-1",87876712,19.873,"1b","1"
"57","88133200-1",88133200,20.182,"1b","1"
"58","88208824-1",88208824,20.807,"1b","1"
"59","88485608-1",88485608,22.747,"1b","1"
"60","88779712-1",88779712,24.018,"1b","1"
"61","89170840-1",89170840,26.651,"1b","1"
"62","89263336-1",89263336,26.96,"1b","1"
"63","89516752-1",89516752,27.886,"1b","1"
"64","89692224-1",89692224,29.177,"1b","1"
"65","28520428-2",28520428,0,"2","2"
"66","4408969-2",4408969,1.623,"2","2"
"67","31348124-2",31348124,14.377,"2","2"
"68","33752308-2",33752308,22.723,"2","2"
"69","34230860-2",34230860,25.043,"2","2"
"70","34688580-2",34688580,26.665,"2","2"
"71","34914156-2",34914156,28.288,"2","2"
"72","35154512-2",35154512,28.288,"2","2"
"73","36411532-2",36411532,37.692,"2","2"
"74","36572328-2",36572328,38.325,"2","2"
"75","36842440-2",36842440,38.957,"2","2"
"76","36952364-2",36952364,40.244,"2","2"
"77","37383252-2",37383252,40.876,"2","2"
"78","37722740-2",37722740,42.848,"2","2"
"79","37910600-2",37910600,44.812,"2","2"
"80","37964824-2",37964824,45.126,"2","2"
"81","38097048-2",38097048,45.758,"2","2"
"82","38263888-2",38263888,46.39,"2","2"
"83","38420188-2",38420188,46.704,"2","2"
"84","38633512-2",38633512,47.336,"2","2"
"85","38921120-2",38921120,47.65,"2","2"
"86","39021568-2",39021568,47.963,"2","2"
"87","39279344-2",39279344,48.596,"2","2"
"88","39337268-2",39337268,49.228,"2","2"
"89","39610104-2",39610104,50.515,"2","2"
"90","39840344-2",39840344,51.802,"2","2"
"91","39990428-2",39990428,52.115,"2","2"
"92","40330288-2",40330288,52.748,"2","2"
"93","40402624-2",40402624,53.38,"2","2"
"94","40903680-2",40903680,54.012,"2","2"
"95","41198364-2",41198364,56.325,"2","2"
"96","41438892-2",41438892,56.638,"2","2"
"97","41701704-2",41701704,57.277,"2","2"
"98","42038064-2",42038064,57.935,"2","2"
"99","42396856-2",42396856,59.67,"2","2"
"100","42549116-2",42549116,61.05,"2","2"
"101","42818872-2",42818872,61.702,"2","2"
"102","42835060-2",42835060,62.022,"2","2"
"103","43008392-2",43008392,63.678,"2","2"
"104","43635344-2",43635344,65.005,"2","2"
"105","46519432-2",46519432,79.574,"2","2"
"106","46799456-2",46799456,81.573,"2","2"
"107","47094976-2",47094976,81.893,"2","2"
"108","47298644-2",47298644,82.856,"2","2"
"109","47423768-2",47423768,83.17,"2","2"
"110","48055028-2",48055028,83.815,"2","2"
"111","48115992-2",48115992,84.148,"2","2"
"112","48203320-2",48203320,84.786,"2","2"
"113","48333328-2",48333328,85.419,"2","2"
"114","48349332-2",48349332,85.732,"2","2"
"115","48410544-2",48410544,86.365,"2","2"
"116","48499768-2",48499768,87.651,"2","2"
"117","48535588-2",48535588,88.284,"2","2"
"118","48902712-2",48902712,88.916,"2","2"
"119","49271872-2",49271872,89.23,"2","2"
"120","49456228-2",49456228,90.187,"2","2"
"121","49817176-2",49817176,90.5,"2","2"
"122","61685-3",61685,0,"3","3"
"123","143690-3",143690,0.313,"3","3"
"124","466104-3",466104,0.946,"3","3"
"125","791973-3",791973,5.488,"3","3"
"126","867789-3",867789,6.12,"3","3"
"127","931641-3",931641,7.407,"3","3"
"128","1198055-3",1198055,7.72,"3","3"
"129","1251411-3",1251411,8.353,"3","3"
"130","1410013-3",1410013,11.748,"3","3"
"131","1542964-3",1542964,16.314,"3","3"
"132","1676785-3",1676785,17.601,"3","3"
"133","1812322-3",1812322,21.019,"3","3"
"134","4744191-3",4744191,46.684,"3","3"
"135","45597764-3",45597764,46.997,"3","3"
"136","56643724-3",56643724,67.527,"3","3"
"137","57499392-3",57499392,71.745,"3","3"
"138","57539428-3",57539428,72.378,"3","3"
"139","57704708-3",57704708,73.013,"3","3"
"140","57730768-3",57730768,73.649,"3","3"
"141","58200284-3",58200284,74.294,"3","3"
"142","58802824-3",58802824,76.687,"3","3"
"143","61126104-3",61126104,84.812,"3","3"
"144","61455904-3",61455904,86.825,"3","3"
"145","61881752-3",61881752,90.649,"3","3"
"146","62083224-3",62083224,91.962,"3","3"
"147","30398-4",30398,0,"4","4"
"148","346562-4",346562,0.957,"4","4"
"149","452399-4",452399,1.27,"4","4"
"150","516464-4",516464,1.903,"4","4"
"151","1767382-4",1767382,21.915,"4","4"
"152","1896090-4",1896090,22.548,"4","4"
"153","1975671-4",1975671,23.18,"4","4"
"154","2079250-4",2079250,25.144,"4","4"
"155","2196052-4",2196052,26.101,"4","4"
"156","2281524-4",2281524,26.734,"4","4"
"157","2414171-4",2414171,27.366,"4","4"
"158","2573216-4",2573216,28.989,"4","4"
"159","2593949-4",2593949,29.621,"4","4"
"160","2739043-4",2739043,31.585,"4","4"
"161","2773173-4",2773173,32.218,"4","4"
"162","3143637-4",3143637,34.885,"4","4"
"163","3154196-4",3154196,35.198,"4","4"
"164","3400281-4",3400281,36.821,"4","4"
"165","3622896-4",3622896,37.807,"4","4"
"166","3902301-4",3902301,38.734,"4","4"
"167","4053163-4",4053163,39.367,"4","4"
"168","4116668-4",4116668,39.367,"4","4"
"169","4374960-4",4374960,40.653,"4","4"
"170","4388080-4",4388080,40.967,"4","4"
"171","4654114-4",4654114,41.924,"4","4"
"172","4711015-4",4711015,42.556,"4","4"
"173","4935940-4",4935940,44.521,"4","4"
"174","4942410-4",4942410,44.834,"4","4"
"175","5459783-4",5459783,46.798,"4","4"
"176","5520254-4",5520254,47.431,"4","4"
"177","5548614-4",5548614,48.063,"4","4"
"178","5825567-4",5825567,48.767,"4","4"
"179","6185900-4",6185900,52.834,"4","4"
"180","6219294-4",6219294,53.467,"4","4"
"181","9498101-0",9498101,53.467,"4","0"
"182","6909007-4",6909007,54.099,"4","4"
"183","22462318-4",22462318,55.056,"4","4"
"184","51438196-4",51438196,55.369,"4","4"
"185","51677496-4",51677496,57.334,"4","4"
"186","52251560-4",52251560,57.966,"4","4"
"187","52475488-4",52475488,58.599,"4","4"
"188","53407496-4",53407496,60.563,"4","4"
"189","53676408-4",53676408,61.195,"4","4"
"190","53710784-4",53710784,61.828,"4","4"
"191","54158444-4",54158444,63.115,"4","4"
"192","54340544-4",54340544,64.071,"4","4"
"193","54503564-4",54503564,66.036,"4","4"
"194","54541392-4",54541392,66.668,"4","4"
"195","54844960-4",54844960,67.3,"4","4"
"196","54942332-4",54942332,67.614,"4","4"
"197","55014580-4",55014580,68.246,"4","4"
"198","55076292-4",55076292,68.56,"4","4"
"199","55204028-4",55204028,69.192,"4","4"
"200","55509224-4",55509224,69.825,"4","4"
"201","55746300-4",55746300,72.492,"4","4"
"202","55936272-4",55936272,73.124,"4","4"
"203","56475308-4",56475308,76.894,"4","4"
"204","56570524-4",56570524,77.527,"4","4"
"205","8777285-0",8777285,77.527,"4","0"
"206","8765816-0",8765816,77.527,"4","0"
"207","56773424-4",56773424,77.84,"4","4"
"208","56837776-4",56837776,77.843,"4","4"
"209","57013608-4",57013608,78.797,"4","4"
"210","57036624-4",57036624,78.797,"4","4"
"211","57161780-4",57161780,80.419,"4","4"
"212","57403088-4",57403088,81.907,"4","4"
"213","57834340-4",57834340,84.717,"4","4"
"214","57862904-4",57862904,85.031,"4","4"
"215","58083420-4",58083420,86.995,"4","4"
"216","58174884-4",58174884,87.199,"4","4"
"217","58081284-4",58081284,87.308,"4","4"
"218","58210212-4",58210212,88.264,"4","4"
"219","58340636-4",58340636,88.987,"4","4"
"220","58435664-4",58435664,91.201,"4","4"
"221","58656968-4",58656968,93.388,"4","4"
"222","58719164-4",58719164,94.801,"4","4"
"223","58778208-4",58778208,95.115,"4","4"
"224","58807888-4",58807888,96.075,"4","4"
"225","58808024-4",58808024,96.078,"4","4"
"226","59389096-4",59389096,97.035,"4","4"
"227","59678612-4",59678612,98.664,"4","4"
"228","59835632-4",59835632,99.951,"4","4"
"229","60153208-4",60153208,100.583,"4","4"
"230","60507024-4",60507024,104.736,"4","4"
"231","60746928-4",60746928,106.023,"4","4"
"232","60825784-4",60825784,107.309,"4","4"
"233","60982124-4",60982124,108.596,"4","4"
"234","61082176-4",61082176,108.91,"4","4"
"235","61413112-4",61413112,113.873,"4","4"
"236","61681720-4",61681720,115.16,"4","4"
"237","61843192-4",61843192,115.792,"4","4"
"238","61886216-4",61886216,116.201,"4","4"
"239","61931832-4",61931832,117.06,"4","4"
"240","62306320-4",62306320,119.57,"4","4"
"241","62437420-4",62437420,122.452,"4","4"
"242","62740132-4",62740132,123.409,"4","4"
"243","62765772-4",62765772,124.042,"4","4"
"244","62953112-4",62953112,124.998,"4","4"
"245","62987788-4",62987788,125.631,"4","4"
"246","63201160-4",63201160,126.269,"4","4"
"247","63396492-4",63396492,127.892,"4","4"
"248","63487356-4",63487356,129.179,"4","4"
"249","63661368-4",63661368,129.811,"4","4"
"250","63821548-4",63821548,130.444,"4","4"
"251","63890920-4",63890920,131.076,"4","4"
"252","266290-5",266290,0,"5","5"
"253","416766-5",416766,0.632,"5","5"
"254","1860303-5",1860303,24.923,"5","5"
"255","2166131-5",2166131,27.965,"5","5"
"256","2237607-5",2237607,28.598,"5","5"
"257","2355505-5",2355505,29.554,"5","5"
"258","2448081-5",2448081,30.187,"5","5"
"259","2515287-5",2515287,32.151,"5","5"
"260","2532174-5",2532174,33.398,"5","5"
"261","2654431-5",2654431,33.435,"5","5"
"262","2708007-5",2708007,35.058,"5","5"
"263","2732240-5",2732240,35.371,"5","5"
"264","2830123-5",2830123,36.328,"5","5"
"265","2986566-5",2986566,36.961,"5","5"
"266","3036158-5",3036158,37.593,"5","5"
"267","3225278-5",3225278,39.905,"5","5"
"268","3184781-5",3184781,40.219,"5","5"
"269","3353307-5",3353307,40.532,"5","5"
"270","3478334-5",3478334,41.489,"5","5"
"271","3786287-5",3786287,43.454,"5","5"
"272","4037025-5",4037025,44.74,"5","5"
"273","4135221-5",4135221,45.373,"5","5"
"274","4313620-5",4313620,46.329,"5","5"
"275","16719719-0",16719719,47.616,"5","0"
"276","4710181-5",4710181,48.249,"5","5"
"277","4419295-5",4419295,48.881,"5","5"
"278","5015999-5",5015999,50.859,"5","5"
"279","5155594-5",5155594,52.146,"5","5"
"280","5328934-5",5328934,53.103,"5","5"
"281","5457423-5",5457423,53.735,"5","5"
"282","5826500-5",5826500,57.505,"5","5"
"283","5763520-5",5763520,57.819,"5","5"
"284","6145847-5",6145847,59.783,"5","5"
"285","6502506-5",6502506,60.74,"5","5"
"286","6711122-5",6711122,62.027,"5","5"
"287","6814273-5",6814273,62.659,"5","5"
"288","7031078-5",7031078,62.973,"5","5"
"289","7487604-5",7487604,64.26,"5","5"
"290","18036868-0",18036868,64.892,"5","0"
"291","7533961-5",7533961,64.892,"5","5"
"292","58292936-5",58292936,66.403,"5","5"
"293","58485952-5",58485952,67.161,"5","5"
"294","59633772-5",59633772,67.794,"5","5"
"295","59785860-5",59785860,68.426,"5","5"
"296","60341672-5",60341672,71.454,"5","5"
"297","60421640-5",60421640,72.086,"5","5"
"298","60618536-5",60618536,73.373,"5","5"
"299","60979960-5",60979960,74.996,"5","5"
"300","13370377-0",13370377,75.628,"5","0"
"301","62100796-5",62100796,92.636,"5","5"
"302","62307404-5",62307404,95.324,"5","5"
"303","62321504-5",62321504,95.963,"5","5"
"304","62370104-5",62370104,97.256,"5","5"
"305","62455284-5",62455284,97.57,"5","5"
"306","62569464-5",62569464,99.555,"5","5"
"307","62806428-5",62806428,101.881,"5","5"
"308","874292-6",874292,0,"6","6"
"309","951929-6",951929,0,"6","6"
"310","933801-6",933801,0,"6","6"
"311","1178196-6",1178196,6.181,"6","6"
"312","1339261-6",1339261,7.514,"6","6"
"313","1625550-6",1625550,8.484,"6","6"
"314","1855315-6",1855315,9.116,"6","6"
"315","2010270-6",2010270,11.081,"6","6"
"316","2058636-6",2058636,11.081,"6","6"
"317","2043071-6",2043071,11.081,"6","6"
"318","2054681-6",2054681,11.081,"6","6"
"319","2056239-6",2056239,11.081,"6","6"
"320","2087819-6",2087819,11.081,"6","6"
"321","2983558-6",2983558,13.747,"6","6"
"322","2983761-6",2983761,13.747,"6","6"
"323","3502989-6",3502989,15.712,"6","6"
"324","3634283-6",3634283,16.025,"6","6"
"325","22607036-6",22607036,16.339,"6","6"
"326","18115840-6",18115840,16.339,"6","6"
"327","22118992-6",22118992,16.339,"6","6"
"328","4306578-6",4306578,16.339,"6","6"
"329","12321654-6",12321654,16.451,"6","6"
"330","20202772-6",20202772,16.517,"6","6"
"331","7405885-6",7405885,16.576,"6","6"
"332","26239142-6",26239142,16.657,"6","6"
"333","9261870-6",9261870,16.747,"6","6"
"334","17526444-6",17526444,16.784,"6","6"
"335","6605632-6",6605632,16.9,"6","6"
"336","20393000-6",20393000,16.975,"6","6"
"337","19586888-6",19586888,17.068,"6","6"
"338","22135088-6",22135088,17.193,"6","6"
"339","20906008-6",20906008,17.286,"6","6"
"340","23757904-6",23757904,17.487,"6","6"
"341","13438816-6",13438816,17.599,"6","6"
"342","19032832-6",19032832,17.599,"6","6"
"343","17980296-6",17980296,17.599,"6","6"
"344","17909350-6",17909350,17.599,"6","6"
"345","4920349-6",4920349,17.599,"6","6"
"346","24701896-6",24701896,17.599,"6","6"
"347","23120264-6",23120264,17.599,"6","6"
"348","15536161-6",15536161,17.599,"6","6"
"349","4486913-6",4486913,17.599,"6","6"
"350","12983698-6",12983698,17.599,"6","6"
"351","5391851-0",5391851,17.599,"6","0"
"352","13419477-6",13419477,17.599,"6","6"
"353","16052973-6",16052973,17.599,"6","6"
"354","19499390-6",19499390,17.599,"6","6"
"355","10704956-6",10704956,17.599,"6","6"
"356","12373053-6",12373053,17.599,"6","6"
"357","9328473-6",9328473,17.957,"6","6"
"358","15586939-6",15586939,18.232,"6","6"
"359","5188063-6",5188063,18.232,"6","6"
"360","6197140-6",6197140,18.232,"6","6"
"361","9032558-6",9032558,18.546,"6","6"
"362","5720909-0",5720909,19.175,"6","0"
"363","16050750-0",16050750,19.178,"6","0"
"364","9855815-0",9855815,19.606,"6","0"
"365","9388697-6",9388697,20.129,"6","6"
"366","5853182-6",5853182,20.129,"6","6"
"367","10051492-6",10051492,20.129,"6","6"
"368","16131852-6",16131852,20.129,"6","6"
"369","7651488-6",7651488,20.443,"6","6"
"370","23163610-6",23163610,20.769,"6","6"
"371","4792183-6",4792183,20.769,"6","6"
"372","28105056-6",28105056,21.628,"6","6"
"373","28256720-6",28256720,22.043,"6","6"
"374","28852308-6",28852308,22.043,"6","6"
"375","28599118-6",28599118,22.043,"6","6"
"376","28759156-6",28759156,22.161,"6","6"
"377","28712732-6",28712732,22.355,"6","6"
"378","29163198-6",29163198,22.987,"6","6"
"379","29257252-6",29257252,22.987,"6","6"
"380","29453832-6",29453832,23.594,"6","6"
"381","29683438-6",29683438,23.619,"6","6"
"382","29985152-6",29985152,23.619,"6","6"
"383","29767188-6",29767188,23.619,"6","6"
"384","29685112-6",29685112,23.619,"6","6"
"385","30151876-6",30151876,23.622,"6","6"
"386","31255358-6",31255358,26.646,"6","6"
"387","31468886-6",31468886,26.646,"6","6"
"388","31570410-6",31570410,27.279,"6","6"
"389","31973016-6",31973016,27.592,"6","6"
"390","32089880-6",32089880,30.62,"6","6"
"391","32202456-6",32202456,30.934,"6","6"
"392","33795096-6",33795096,49.42,"6","6"
"393","33847420-6",33847420,49.42,"6","6"
"394","33676216-6",33676216,49.42,"6","6"
"395","33817920-6",33817920,49.42,"6","6"
"396","33875940-6",33875940,49.42,"6","6"
"397","33993440-6",33993440,51.042,"6","6"
"398","33947012-6",33947012,51.045,"6","6"
"399","34100828-6",34100828,52.329,"6","6"
"400","34172364-6",34172364,52.772,"6","6"
"401","34306000-6",34306000,53.596,"6","6"
"402","34364820-6",34364820,53.596,"6","6"
"403","34264392-6",34264392,53.596,"6","6"
"404","34803180-6",34803180,55.56,"6","6"
"405","34712240-6",34712240,55.56,"6","6"
"406","34684360-6",34684360,55.56,"6","6"
"407","34766972-6",34766972,55.56,"6","6"
"408","34700072-6",34700072,55.56,"6","6"
"409","34801892-6",34801892,55.56,"6","6"
"410","34929168-6",34929168,56.192,"6","6"
"411","35082972-6",35082972,56.192,"6","6"
"412","35096952-6",35096952,56.192,"6","6"
"413","35002652-6",35002652,56.192,"6","6"
"414","34955856-6",34955856,56.192,"6","6"
"415","34983652-6",34983652,56.192,"6","6"
"416","34819080-6",34819080,56.192,"6","6"
"417","35101604-6",35101604,56.192,"6","6"
"418","34965040-6",34965040,56.192,"6","6"
"419","35127304-6",35127304,56.825,"6","6"
"420","35203600-6",35203600,57.138,"6","6"
"421","35241012-6",35241012,57.138,"6","6"
"422","35282416-6",35282416,57.138,"6","6"
"423","35283248-6",35283248,57.138,"6","6"
"424","35193912-6",35193912,57.138,"6","6"
"425","35229312-6",35229312,57.138,"6","6"
"426","35330856-6",35330856,57.771,"6","6"
"427","35359732-6",35359732,57.771,"6","6"
"428","35353744-6",35353744,57.771,"6","6"
"429","35310496-6",35310496,57.771,"6","6"
"430","35310312-6",35310312,57.771,"6","6"
"431","35555348-6",35555348,59.057,"6","6"
"432","35636840-6",35636840,60.014,"6","6"
"433","35809648-6",35809648,60.647,"6","6"
"434","35747752-6",35747752,60.647,"6","6"
"435","35841096-6",35841096,60.647,"6","6"
"436","35982072-6",35982072,60.647,"6","6"
"437","35951416-6",35951416,60.647,"6","6"
"438","35828528-6",35828528,60.647,"6","6"
"439","35897120-6",35897120,60.647,"6","6"
"440","35979196-6",35979196,60.647,"6","6"
"441","35860744-6",35860744,60.647,"6","6"
"442","36052144-6",36052144,61.933,"6","6"
"443","36036284-6",36036284,61.933,"6","6"
"444","36132804-6",36132804,61.933,"6","6"
"445","36171752-6",36171752,62.247,"6","6"
"446","36194300-6",36194300,62.247,"6","6"
"447","36278024-6",36278024,62.879,"6","6"
"448","36342432-6",36342432,63.193,"6","6"
"449","36335736-6",36335736,63.193,"6","6"
"450","36355096-6",36355096,63.506,"6","6"
"451","36509396-6",36509396,63.506,"6","6"
"452","36583000-6",36583000,63.506,"6","6"
"453","36530952-6",36530952,63.506,"6","6"
"454","36537988-6",36537988,63.506,"6","6"
"455","36485776-6",36485776,63.506,"6","6"
"456","36618860-6",36618860,64.139,"6","6"
"457","36770960-6",36770960,64.771,"6","6"
"458","36818756-6",36818756,64.771,"6","6"
"459","37781720-6",37781720,68.122,"6","6"
"460","37874180-6",37874180,68.858,"6","6"
"461","38863588-6",38863588,73.392,"6","6"
"462","38883368-6",38883368,73.392,"6","6"
"463","39010000-6",39010000,74.024,"6","6"
"464","39026016-6",39026016,74.196,"6","6"
"465","38996208-6",38996208,74.337,"6","6"
"466","39025472-6",39025472,74.337,"6","6"
"467","38949704-6",38949704,74.337,"6","6"
"468","38935456-6",38935456,74.337,"6","6"
"469","38960060-6",38960060,74.337,"6","6"
"470","39115432-6",39115432,74.969,"6","6"
"471","39172848-6",39172848,74.969,"6","6"
"472","39112588-6",39112588,74.969,"6","6"
"473","39044048-6",39044048,74.969,"6","6"
"474","39180864-6",39180864,75.601,"6","6"
"475","39229044-6",39229044,75.739,"6","6"
"476","39198664-6",39198664,75.914,"6","6"
"477","39215836-6",39215836,75.914,"6","6"
"478","39178188-6",39178188,76.092,"6","6"
"479","39204168-6",39204168,76.226,"6","6"
"480","39264344-6",39264344,76.858,"6","6"
"481","39560860-6",39560860,78.481,"6","6"
"482","39497912-6",39497912,78.481,"6","6"
"483","39515056-6",39515056,78.481,"6","6"
"484","39560292-6",39560292,78.481,"6","6"
"485","39520712-6",39520712,78.481,"6","6"
"486","39585680-6",39585680,79.113,"6","6"
"487","39631312-6",39631312,79.427,"6","6"
"488","39702072-6",39702072,79.427,"6","6"
"489","39720168-6",39720168,81.049,"6","6"
"490","39720968-6",39720968,81.049,"6","6"
"491","40011792-6",40011792,83.716,"6","6"
"492","40025376-6",40025376,83.716,"6","6"
"493","40010168-6",40010168,83.716,"6","6"
"494","40160648-6",40160648,84.349,"6","6"
"495","40184664-6",40184664,84.981,"6","6"
"496","40243656-6",40243656,84.981,"6","6"
"497","40190880-6",40190880,84.981,"6","6"
"498","40307720-6",40307720,85.613,"6","6"
"499","40596644-6",40596644,89.024,"6","6"
"500","41166592-6",41166592,92.059,"6","6"
"501","41155136-6",41155136,92.059,"6","6"
"502","41147432-6",41147432,92.059,"6","6"
"503","41224432-6",41224432,92.691,"6","6"
"504","41243768-6",41243768,93.005,"6","6"
"505","41224584-6",41224584,93.005,"6","6"
"506","41722288-6",41722288,94.969,"6","6"
"507","41524004-6",41524004,94.969,"6","6"
"508","41672688-6",41672688,94.969,"6","6"
"509","41388540-6",41388540,94.969,"6","6"
"510","41505624-6",41505624,94.969,"6","6"
"511","41442728-6",41442728,94.969,"6","6"
"512","41665888-6",41665888,94.969,"6","6"
"513","41813144-6",41813144,95.283,"6","6"
"514","41812268-6",41812268,95.283,"6","6"
"515","41855120-6",41855120,95.915,"6","6"
"516","41953192-6",41953192,95.915,"6","6"
"517","42004696-6",42004696,97.209,"6","6"
"518","42113752-6",42113752,97.522,"6","6"
"519","42083664-6",42083664,97.522,"6","6"
"520","42471128-6",42471128,99.487,"6","6"
"521","42299156-6",42299156,99.487,"6","6"
"522","42345260-6",42345260,99.487,"6","6"
"523","42593544-6",42593544,100.773,"6","6"
"524","42601300-6",42601300,100.773,"6","6"
"525","42596000-6",42596000,100.773,"6","6"
"526","42794000-6",42794000,100.773,"6","6"
"527","42601048-6",42601048,100.773,"6","6"
"528","42712640-6",42712640,100.773,"6","6"
"529","42740712-6",42740712,100.773,"6","6"
"530","42863540-6",42863540,101.093,"6","6"
"531","43046416-6",43046416,102.05,"6","6"
"532","43023484-6",43023484,102.05,"6","6"
"533","43003896-6",43003896,102.05,"6","6"
"534","43301744-6",43301744,102.363,"6","6"
"535","43431568-6",43431568,102.677,"6","6"
"536","43431840-6",43431840,102.677,"6","6"
"537","43702064-6",43702064,104.3,"6","6"
"538","43602884-6",43602884,104.3,"6","6"
"539","43582592-6",43582592,104.3,"6","6"
"540","43763060-6",43763060,104.3,"6","6"
"541","44674784-6",44674784,110.058,"6","6"
"542","44905196-6",44905196,112.725,"6","6"
"543","44920964-6",44920964,112.725,"6","6"
"544","428378-7",428378,0,"7","7"
"545","1559291-7",1559291,15.853,"7","7"
"546","1815047-7",1815047,19.951,"7","7"
"547","1887352-7",1887352,20.655,"7","7"
"548","1927407-7",1927407,20.968,"7","7"
"549","2090621-7",2090621,24.025,"7","7"
"550","2858020-7",2858020,30.707,"7","7"
"551","3317484-7",3317484,39.248,"7","7"
"552","28075704-7",28075704,49.222,"7","7"
"553","55243744-7",55243744,53.375,"7","7"
"554","55235216-7",55235216,53.375,"7","7"
"555","55649616-7",55649616,56.77,"7","7"
"556","55767688-7",55767688,56.77,"7","7"
"557","55828960-7",55828960,56.77,"7","7"
"558","55775212-7",55775212,56.77,"7","7"
"559","55494520-7",55494520,56.77,"7","7"
"560","55700676-7",55700676,56.77,"7","7"
"561","55580868-7",55580868,56.77,"7","7"
"562","55580992-7",55580992,56.77,"7","7"
"563","55513508-7",55513508,56.77,"7","7"
"564","55863428-7",55863428,57.084,"7","7"
"565","56262052-7",56262052,59.751,"7","7"
"566","56503392-7",56503392,61.044,"7","7"
"567","56435292-7",56435292,61.044,"7","7"
"568","56518988-7",56518988,61.044,"7","7"
"569","56772808-7",56772808,63.008,"7","7"
"570","56595944-7",56595944,63.008,"7","7"
"571","56745580-7",56745580,63.008,"7","7"
"572","56925252-7",56925252,64.295,"7","7"
"573","56971320-7",56971320,64.609,"7","7"
"574","56970200-7",56970200,64.609,"7","7"
"575","57101368-7",57101368,65.241,"7","7"
"576","57105864-7",57105864,65.241,"7","7"
"577","57095528-7",57095528,65.241,"7","7"
"578","57046552-7",57046552,65.241,"7","7"
"579","57278396-7",57278396,67.206,"7","7"
"580","57882284-7",57882284,69.17,"7","7"
"581","58053088-7",58053088,69.17,"7","7"
"582","58189028-7",58189028,69.17,"7","7"
"583","58247240-7",58247240,69.17,"7","7"
"584","58142204-7",58142204,69.17,"7","7"
"585","58389520-7",58389520,70.457,"7","7"
"586","58678584-7",58678584,70.457,"7","7"
"587","58647868-7",58647868,70.457,"7","7"
"588","58659004-7",58659004,70.457,"7","7"
"589","58767280-7",58767280,71.089,"7","7"
"590","58765600-7",58765600,71.089,"7","7"
"591","58993464-7",58993464,71.721,"7","7"
"592","60289256-7",60289256,83.214,"7","7"
"593","60516320-7",60516320,83.846,"7","7"
"594","60620444-7",60620444,83.846,"7","7"
"595","60647932-7",60647932,84.479,"7","7"
"596","60953408-7",60953408,84.479,"7","7"
"597","60992576-7",60992576,85.435,"7","7"
"598","61092100-7",61092100,86.068,"7","7"
"599","61072468-7",61072468,86.068,"7","7"
"600","61110872-7",61110872,86.381,"7","7"
"601","61352404-7",61352404,87.668,"7","7"
"602","61282892-7",61282892,87.668,"7","7"
"603","61454296-7",61454296,90.335,"7","7"
"604","61494964-7",61494964,90.648,"7","7"
"605","61597504-7",61597504,90.648,"7","7"
"606","18277-8",18277,0,"8","8"
"607","197104-8",197104,0.624,"8","8"
"608","489405-8",489405,2.915,"8","8"
"609","426803-8",426803,2.915,"8","8"
"610","677440-8",677440,5.547,"8","8"
"611","749673-8",749673,5.857,"8","8"
"612","807232-8",807232,6.482,"8","8"
"613","977931-8",977931,7.753,"8","8"
"614","991213-8",991213,7.753,"8","8"
"615","1068491-8",1068491,8.724,"8","8"
"616","1149704-8",1149704,9.374,"8","8"
"617","2908496-8",2908496,48.199,"8","8"
"618","15684096-8",15684096,56.256,"8","8"
"619","50811176-8",50811176,57.579,"8","8"
"620","10352792-0",10352792,76.139,"8","0"
"621","55711252-8",55711252,76.763,"8","8"
"622","56056852-8",56056852,77.388,"8","8"
"623","56673656-8",56673656,79.341,"8","8"
"624","56877708-8",56877708,79.657,"8","8"
"625","57099504-8",57099504,81.287,"8","8"
"626","57194264-8",57194264,82.238,"8","8"
"627","57382036-8",57382036,82.548,"8","8"
"628","57428676-8",57428676,82.858,"8","8"
"629","57594496-8",57594496,84.804,"8","8"
"630","58824728-8",58824728,89.681,"8","8"
"631","59267080-8",59267080,92.673,"8","8"
"632","59490348-8",59490348,93.944,"8","8"
"633","59591060-8",59591060,94.569,"8","8"
"634","59708552-8",59708552,95.2,"8","8"
"635","59858704-8",59858704,95.825,"8","8"
"636","59976736-8",59976736,96.628,"8","8"
"637","60032312-8",60032312,97.4,"8","8"
"638","60046272-8",60046272,97.526,"8","8"
"639","60130560-8",60130560,97.708,"8","8"
"640","60152376-8",60152376,98.333,"8","8"
"641","60397256-8",60397256,99.624,"8","8"
"642","60672472-8",60672472,99.94,"8","8"
"643","62656452-8",62656452,109.867,"8","8"
"644","48774-9",48774,0,"9","9"
"645","372732-9",372732,0.632,"9","9"
"646","1303738-9",1303738,8.134,"9","9"
"647","1751657-9",1751657,13.479,"9","9"
"648","1836161-9",1836161,14.111,"9","9"
"649","1917818-9",1917818,14.425,"9","9"
"650","2110847-9",2110847,17.092,"9","9"
"651","2125163-9",2125163,17.724,"9","9"
"652","2412506-9",2412506,18.038,"9","9"
"653","2595106-9",2595106,18.67,"9","9"
"654","3361769-9",3361769,26.632,"9","9"
"655","3441642-9",3441642,27.517,"9","9"
"656","3503299-9",3503299,28.877,"9","9"
"657","3531122-9",3531122,29.509,"9","9"
"658","3827480-9",3827480,31.829,"9","9"
"659","3952439-9",3952439,32.616,"9","9"
"660","3988469-9",3988469,33.416,"9","9"
"661","4132308-9",4132308,36.444,"9","9"
"662","4114816-9",4114816,36.444,"9","9"
"663","4715716-9",4715716,44.406,"9","9"
"664","5038678-9",5038678,45.693,"9","9"
"665","5400867-9",5400867,46.325,"9","9"
"666","5838289-9",5838289,47.612,"9","9"
"667","17050492-9",17050492,48.898,"9","9"
"668","57808016-9",57808016,50.185,"9","9"
"669","58088604-9",58088604,52.15,"9","9"
"670","59327656-9",59327656,53.106,"9","9"
"671","59436440-9",59436440,54.063,"9","9"
"672","59830968-9",59830968,55.35,"9","9"
"673","60417344-9",60417344,59.12,"9","9"
"674","60488088-9",60488088,59.753,"9","9"
"675","60746500-9",60746500,60.385,"9","9"
"676","60879336-9",60879336,61.672,"9","9"
"677","61256528-9",61256528,62.958,"9","9"
"678","61454792-9",61454792,63.272,"9","9"
"679","61608312-9",61608312,64.229,"9","9"
"680","61700424-9",61700424,64.861,"9","9"
"681","61758236-9",61758236,65.494,"9","9"
"682","61984696-9",61984696,66.126,"9","9"
"683","62162316-9",62162316,66.44,"9","9"
"684","62248928-9",62248928,67.072,"9","9"
"685","62379976-9",62379976,67.704,"9","9"
"686","62483060-9",62483060,68.018,"9","9"
"687","62632748-9",62632748,69.305,"9","9"
"688","62766144-9",62766144,70.934,"9","9"
"689","62897108-9",62897108,72.398,"9","9"
"690","62985912-9",62985912,73.848,"9","9"
"691","63010872-9",63010872,73.848,"9","9"
"692","63211596-9",63211596,75.471,"9","9"
"693","63302484-9",63302484,75.471,"9","9"
"694","63445200-9",63445200,76.758,"9","9"
"695","63537580-9",63537580,78.38,"9","9"
"696","63841640-9",63841640,80.003,"9","9"
"697","64089432-9",64089432,80.635,"9","9"
"698","64293296-9",64293296,80.949,"9","9"
"699","64794424-9",64794424,85.491,"9","9"
"700","64948032-9",64948032,86.778,"9","9"
"701","64960580-9",64960580,87.41,"9","9"
"702","65052636-9",65052636,88.367,"9","9"
"703","65062828-9",65062828,88.68,"9","9"
"704","65152920-9",65152920,88.994,"9","9"
"705","65286132-9",65286132,90.617,"9","9"
"706","65469248-9",65469248,92.929,"9","9"
"707","65685760-9",65685760,93.242,"9","9"
"708","65815200-9",65815200,96.638,"9","9"
"709","65923688-9",65923688,97.925,"9","9"
"710","66074492-9",66074492,99.561,"9","9"
"711","66165096-9",66165096,100.518,"9","9"
"712","66260384-9",66260384,100.831,"9","9"
"713","66398560-9",66398560,101.464,"9","9"
"714","66518364-9",66518364,105.257,"9","9"
"715","66561480-9",66561480,106.544,"9","9"
"716","66710096-9",66710096,108.166,"9","9"
"717","66807708-9",66807708,108.48,"9","9"
"718","66917748-9",66917748,109.766,"9","9"
"719","67232088-9",67232088,111.053,"9","9"
"720","67309528-9",67309528,111.367,"9","9"
"721","67605000-9",67605000,112.72,"9","9"
"722","242877-10",242877,0,"10","10"
"723","536147-10",536147,0.632,"10","10"
"724","540742-10",540742,0.632,"10","10"
"725","1686258-10",1686258,9.545,"10","10"
"726","1686493-10",1686493,9.859,"10","10"
"727","2312252-10",2312252,21.461,"10","10"
"728","2527299-10",2527299,24.135,"10","10"
"729","4323992-10",4323992,42.517,"10","10"
"730","7193989-10",7193989,42.655,"10","10"
"731","16615968-10",16615968,42.83,"10","10"
"732","16321639-10",16321639,42.83,"10","10"
"733","6989477-10",6989477,42.842,"10","10"
"734","15292380-10",15292380,43.462,"10","10"
"735","6380151-10",6380151,43.775,"10","10"
"736","11189866-10",11189866,43.775,"10","10"
"737","58738936-10",58738936,49.617,"10","10"
"738","59476312-10",59476312,53.731,"10","10"
"739","61002556-10",61002556,75.37,"10","10"
"740","61658144-10",61658144,80.748,"10","10"
"741","61914508-10",61914508,83.067,"10","10"
"742","62306016-10",62306016,86.837,"10","10"
"743","62352936-10",62352936,87.151,"10","10"
"744","62476832-10",62476832,87.832,"10","10"
"745","62965500-10",62965500,92.944,"10","10"
"746","63533668-10",63533668,98.968,"10","10"
"747","63662428-10",63662428,99.99,"10","10"
"748","64441676-10",64441676,106.03,"10","10"
"749","64251736-10",64251736,106.03,"10","10"
"750","19593316-0",19593316,0,"11","0"
"751","3706408-11",3706408,0.326,"11","11"
"752","4106782-11",4106782,2.645,"11","11"
"753","4629870-11",4629870,5.68,"11","11"
"754","4775141-11",4775141,8,"11","11"
"755","5148394-11",5148394,10.674,"11","11"
"756","5174417-11",5174417,10.674,"11","11"
"757","5279506-11",5279506,13.34,"11","11"
"758","5329635-11",5329635,14.297,"11","11"
"759","5472482-11",5472482,14.611,"11","11"
"760","5702819-11",5702819,15.243,"11","11"
"761","5955471-11",5955471,15.876,"11","11"
"762","6497192-11",6497192,17.162,"11","11"
"763","7105410-11",7105410,17.162,"11","11"
"764","7485624-11",7485624,17.795,"11","11"
"765","7598793-11",7598793,17.795,"11","11"
"766","7857299-11",7857299,18.108,"11","11"
"767","8357424-11",8357424,18.741,"11","11"
"768","23203400-11",23203400,20.705,"11","11"
"769","46408368-11",46408368,22.669,"11","11"
"770","47008280-11",47008280,23.302,"11","11"
"771","47410780-11",47410780,23.934,"11","11"
"772","48283252-11",48283252,28.087,"11","11"
"773","48586064-11",48586064,29.373,"11","11"
"774","48824920-11",48824920,30.006,"11","11"
"775","48873576-11",48873576,30.319,"11","11"
"776","49291740-11",49291740,32.291,"11","11"
"777","49757852-11",49757852,35.326,"11","11"
"778","49909656-11",49909656,37.29,"11","11"
"779","50039296-11",50039296,38.577,"11","11"
"780","50277624-11",50277624,40.541,"11","11"
"781","50322596-11",50322596,41.828,"11","11"
"782","50386732-11",50386732,42.142,"11","11"
"783","50447984-11",50447984,43.764,"11","11"
"784","50536500-11",50536500,45.051,"11","11"
"785","50583400-11",50583400,45.364,"11","11"
"786","50658504-11",50658504,45.997,"11","11"
"787","50826944-11",50826944,47.284,"11","11"
"788","51058432-11",51058432,48.24,"11","11"
"789","51207404-11",51207404,50.907,"11","11"
"790","51306084-11",51306084,52.194,"11","11"
"791","51419024-11",51419024,54.158,"11","11"
"792","51721096-11",51721096,58.326,"11","11"
"793","51885280-11",51885280,59.613,"11","11"
"794","51893640-11",51893640,60.245,"11","11"
"795","51936800-11",51936800,60.884,"11","11"
"796","52175920-11",52175920,61.198,"11","11"
"797","52282596-11",52282596,61.511,"11","11"
"798","52535836-11",52535836,64.907,"11","11"
"799","52634724-11",52634724,65.539,"11","11"
"800","52768184-11",52768184,66.172,"11","11"
"801","52814672-11",52814672,66.804,"11","11"
"802","52849080-11",52849080,67.118,"11","11"
"803","52958052-11",52958052,67.431,"11","11"
"804","53090168-11",53090168,70.098,"11","11"
"805","53184616-11",53184616,70.73,"11","11"
"806","53248408-11",53248408,71.363,"11","11"
"807","53309080-11",53309080,72.008,"11","11"
"808","6659-12",6659,0,"12","12"
"809","497852-12",497852,0.957,"12","12"
"810","542525-12",542525,1.589,"12","12"
"811","741512-12",741512,3.553,"12","12"
"812","803228-12",803228,5.518,"12","12"
"813","891800-12",891800,6.15,"12","12"
"814","1072636-12",1072636,6.464,"12","12"
"815","1119616-12",1119616,7.096,"12","12"
"816","1424800-12",1424800,11.249,"12","12"
"817","1702457-12",1702457,12.871,"12","12"
"818","1941275-12",1941275,14.836,"12","12"
"819","1953863-12",1953863,15.149,"12","12"
"820","2087551-12",2087551,15.463,"12","12"
"821","2270606-12",2270606,17.085,"12","12"
"822","2497794-12",2497794,19.752,"12","12"
"823","2729000-12",2729000,25.105,"12","12"
"824","2715244-12",2715244,25.105,"12","12"
"825","2736587-12",2736587,25.501,"12","12"
"826","2818178-12",2818178,26.701,"12","12"
"827","3041302-12",3041302,27.988,"12","12"
"828","3118138-12",3118138,28.62,"12","12"
"829","3154960-12",3154960,29.253,"12","12"
"830","3472540-12",3472540,32.281,"12","12"
"831","3714671-12",3714671,33.237,"12","12"
"832","3829634-12",3829634,33.551,"12","12"
"833","3844068-12",3844068,34.183,"12","12"
"834","3921388-12",3921388,35.47,"12","12"
"835","4680194-12",4680194,37.093,"12","12"
"836","4397607-12",4397607,38.379,"12","12"
"837","6239549-12",6239549,46.369,"12","12"
"838","11332752-0",11332752,46.992,"12","0"
"839","7536683-0",7536683,47.001,"12","0"
"840","7668558-0",7668558,47.633,"12","0"
"841","43615420-12",43615420,48.266,"12","12"
"842","44551512-12",44551512,48.898,"12","12"
"843","44640272-12",44640272,49.531,"12","12"
"844","44987792-12",44987792,50.817,"12","12"
"845","45609412-12",45609412,51.45,"12","12"
"846","47269696-12",47269696,55.22,"12","12"
"847","47342720-12",47342720,57.185,"12","12"
"848","47845308-12",47845308,59.851,"12","12"
"849","47976208-12",47976208,60.165,"12","12"
"850","48188704-12",48188704,61.122,"12","12"
"851","48207224-12",48207224,61.754,"12","12"
"852","48239308-12",48239308,62.386,"12","12"
"853","48270976-12",48270976,63.019,"12","12"
"854","48358004-12",48358004,63.332,"12","12"
"855","48376968-12",48376968,63.965,"12","12"
"856","48399848-12",48399848,64.597,"12","12"
"857","48439360-12",48439360,65.23,"12","12"
"858","48484472-12",48484472,65.862,"12","12"
"859","61835468-12",61835468,68.181,"12","12"
"860","62005976-12",62005976,70.146,"12","12"
"861","62040100-12",62040100,70.778,"12","12"
"862","62247356-12",62247356,71.092,"12","12"
"863","62420952-12",62420952,72.382,"12","12"
"864","62534652-12",62534652,77.333,"12","12"
"865","62577148-12",62577148,77.972,"12","12"
